{
  "version": "ALPHA3",
  "slot": 1,
  "name": "Save at slot 1",
  "seed": 8005056104436004537,
  "playerWorldX": 284.85965824519917,
  "playerWorldY": -9584.140166201629
}